{
 "extraction": [
  {
   "name": "billing-name",
   "display_name": "Billing Name",
   "color": "#7f5140",
   "hotkey": "b",
   "type": "string",
   "multi_line": true,
   "split_items": false,
   "post_processing": "first_span",
   "scoring": "levenshtein",
   "hidden": false,
   "multi_valued": false
  },
  {
   "name": "billing-addr",
   "display_name": "Billing Address",
   "color": "#ff8c40",
   "hotkey": "i",
   "type": "string",
   "multi_line": true,
   "split_items": false,
   "post_processing": "first_span",
   "scoring": "levenshtein",
   "hidden": false,
   "multi_valued": false
  },
  {
   "name": "name",
   "display_name": "Name Vendor",
   "color": "#ff0088",
   "hotkey": "n",
   "type": "string",
   "multi_line": true,
   "split_items": false,
   "post_processing": "first_span",
   "scoring": "levenshtein",
   "hidden": false,
   "multi_valued": false
  },
  {
   "name": "vendor-addr",
   "display_name": "Vendor Address",
   "color": "#608068",
   "hotkey": "v",
   "type": "string",
   "multi_line": true,
   "split_items": false,
   "post_processing": "first_span",
   "scoring": "levenshtein",
   "hidden": false,
   "multi_valued": false
  },
  {
   "name": "account-no",
   "display_name": "Account  Number",
   "color": "#f92a2a",
   "hotkey": "a",
   "type": "id-no",
   "multi_line": false,
   "split_items": false,
   "post_processing": "first_span",
   "scoring": "exact_match",
   "hidden": false,
   "multi_valued": false
  },
  {
   "name": "invoice-no",
   "display_name": "Invoice Number",
   "color": "#f2ff40",
   "hotkey": "o",
   "type": "id-no",
   "multi_line": false,
   "split_items": false,
   "post_processing": "first_span",
   "scoring": "exact_match",
   "hidden": false,
   "multi_valued": false
  },
  {
   "name": "total",
   "display_name": "Total",
   "color": "#eabfff",
   "hotkey": "t",
   "type": "number",
   "multi_line": false,
   "split_items": false,
   "post_processing": "largest_value",
   "scoring": "exact_match",
   "hidden": false,
   "multi_valued": false
  },
  {
   "name": "date",
   "display_name": "Date",
   "color": "#110040",
   "hotkey": "d",
   "type": "date",
   "multi_line": false,
   "split_items": false,
   "post_processing": "first_span",
   "scoring": "exact_match",
   "hidden": false,
   "multi_valued": false
  },
  {
   "name": "due-date",
   "display_name": "Due Date",
   "color": "#686080",
   "hotkey": "u",
   "type": "date",
   "multi_line": false,
   "split_items": false,
   "post_processing": "first_span",
   "scoring": "exact_match",
   "hidden": false,
   "multi_valued": false
  },
  {
   "name": "payment-addr",
   "display_name": "Payment Address",
   "color": "#0099bf",
   "hotkey": "p",
   "type": "string",
   "multi_line": true,
   "split_items": false,
   "post_processing": "first_span",
   "scoring": "levenshtein",
   "hidden": false,
   "multi_valued": false
  },
  {
   "name": "service-from-date",
   "display_name": "Service from Date",
   "color": "#00bfb3",
   "hotkey": "s",
   "type": "date",
   "multi_line": false,
   "split_items": false,
   "post_processing": "first_span",
   "scoring": "exact_match",
   "hidden": false,
   "multi_valued": false
  },
  {
   "name": "service-to-date",
   "display_name": "Service to Date",
   "color": "#20403e",
   "hotkey": "e",
   "type": "date",
   "multi_line": true,
   "split_items": false,
   "post_processing": "first_span",
   "scoring": "exact_match",
   "hidden": false,
   "multi_valued": false
  },
  {
   "name": "payment-terms",
   "display_name": "Payment Terms",
   "color": "#005580",
   "hotkey": "y",
   "type": "string",
   "multi_line": true,
   "split_items": false,
   "post_processing": "first_span",
   "scoring": "levenshtein",
   "hidden": false,
   "multi_valued": false
  },
  {
   "name": "previous-balance",
   "display_name": "Previous Balance",
   "color": "#bfeaff",
   "hotkey": "r",
   "type": "number",
   "multi_line": false,
   "split_items": false,
   "post_processing": "first_span",
   "scoring": "exact_match",
   "hidden": false,
   "multi_valued": false
  },
  {
   "name": "payments-received",
   "display_name": "Payments Received",
   "color": "#0066ff",
   "hotkey": "m",
   "type": "number",
   "multi_line": false,
   "split_items": false,
   "post_processing": "first_span",
   "scoring": "exact_match",
   "hidden": false,
   "multi_valued": false
  },
  {
   "name": "balance-forward",
   "display_name": "Balance Forward",
   "color": "#ffc480",
   "hotkey": "l",
   "type": "number",
   "multi_line": false,
   "split_items": false,
   "post_processing": "first_span",
   "scoring": "exact_match",
   "hidden": false,
   "multi_valued": false
  },
  {
   "name": "current-charges",
   "display_name": "Current Charges",
   "color": "#bfffc8",
   "hotkey": "c",
   "type": "number",
   "multi_line": false,
   "split_items": false,
   "post_processing": "first_span",
   "scoring": "exact_match",
   "hidden": false,
   "multi_valued": false
  },
  {
   "name": "service-addr",
   "display_name": "Service Address",
   "color": "#003380",
   "hotkey": "-",
   "type": "string",
   "multi_line": true,
   "split_items": false,
   "post_processing": "first_span",
   "scoring": "levenshtein",
   "hidden": false,
   "multi_valued": false
  },
  {
   "name": "late-payment-fees",
   "display_name": "Late Payment Fees",
   "color": "#7f7920",
   "hotkey": "f",
   "type": "number",
   "multi_line": false,
   "split_items": false,
   "post_processing": "first_span",
   "scoring": "exact_match",
   "hidden": false,
   "multi_valued": false
  },
  {
   "name": "days-billed",
   "display_name": "Days Billed",
   "color": "#ee00ff",
   "hotkey": ",",
   "type": "number",
   "multi_line": false,
   "split_items": false,
   "post_processing": "first_span",
   "scoring": "exact_match",
   "hidden": false,
   "multi_valued": false
  },
  {
   "name": "meter-id-line",
   "display_name": "Meter ID Line",
   "color": "#80b3ff",
   "hotkey": "1",
   "type": "id-no",
   "section": "items",
   "multi_line": false,
   "split_items": false,
   "post_processing": "first_span",
   "scoring": "exact_match",
   "hidden": false,
   "multi_valued": false
  },
  {
   "name": "start-read-line",
   "display_name": "Start Read Line",
   "color": "#110080",
   "hotkey": "2",
   "type": "number",
   "section": "items",
   "multi_line": false,
   "split_items": false,
   "post_processing": "first_span",
   "scoring": "exact_match",
   "hidden": false,
   "multi_valued": false
  },
  {
   "name": "start-read-date-line",
   "display_name": "Start Read Date Line",
   "color": "#4400ff",
   "hotkey": "3",
   "type": "date",
   "section": "items",
   "multi_line": false,
   "split_items": false,
   "post_processing": "first_span",
   "scoring": "exact_match",
   "hidden": false,
   "multi_valued": false
  },
  {
   "name": "end-read-line",
   "display_name": "End Read Line",
   "color": "#7f1100",
   "hotkey": "4",
   "type": "number",
   "section": "items",
   "multi_line": false,
   "split_items": false,
   "post_processing": "first_span",
   "scoring": "exact_match",
   "hidden": false,
   "multi_valued": false
  },
  {
   "name": "end-read-date-line",
   "display_name": "End Read Date Line",
   "color": "#400900",
   "hotkey": "5",
   "type": "date",
   "section": "items",
   "multi_line": false,
   "split_items": false,
   "post_processing": "first_span",
   "scoring": "exact_match",
   "hidden": false,
   "multi_valued": false
  },
  {
   "name": "meter-usage-line",
   "display_name": "Meter Usage Line",
   "color": "#bf60b9",
   "hotkey": "6",
   "type": "number",
   "section": "items",
   "multi_line": false,
   "split_items": false,
   "post_processing": "first_span",
   "scoring": "exact_match",
   "hidden": false,
   "multi_valued": false
  },
  {
   "name": "meter-usage",
   "display_name": "Meter Usage",
   "color": "#401036",
   "hotkey": "9",
   "type": "number",
   "multi_line": false,
   "split_items": false,
   "post_processing": "first_span",
   "scoring": "exact_match",
   "hidden": false,
   "multi_valued": false
  },
  {
   "name": "meter-id",
   "display_name": "Meter ID",
   "color": "#7f2039",
   "hotkey": "8",
   "type": "id-no",
   "multi_line": false,
   "split_items": false,
   "post_processing": "first_span",
   "scoring": "exact_match",
   "hidden": false,
   "multi_valued": false
  }
 ],
 "classification": {}
}